Year,Mon,Yr,AvgTempDegF
1895-1,1,1895,19.4
1895-2,2,1895,17.6
1895-3,3,1895,36.9
1895-4,4,1895,53.1
1895-5,5,1895,62.6
1895-6,6,1895,73.4
1895-7,7,1895,71.5
1895-8,8,1895,73.4
1895-9,9,1895,68.6
1895-10,10,1895,46.1
1895-11,11,1895,39.2
1895-12,12,1895,31.5
1896-1,1,1896,27.6
1896-2,2,1896,30.5
1896-3,3,1896,33.8
1896-4,4,1896,57.6
1896-5,5,1896,68.9
1896-6,6,1896,70.2
1896-7,7,1896,74.5
1896-8,8,1896,72.8
1896-9,9,1896,62.7
1896-10,10,1896,49.8
1896-11,11,1896,41.9
1896-12,12,1896,33.5
1897-1,1,1897,23.3
1897-2,2,1897,30.7
1897-3,3,1897,40.7
1897-4,4,1897,49.2
1897-5,5,1897,57.1
1897-6,6,1897,69.4
1897-7,7,1897,76.1
1897-8,8,1897,71
1897-9,9,1897,69.5
1897-10,10,1897,59
1897-11,11,1897,40.5
1897-12,12,1897,28.8
1898-1,1,1898,31.1
1898-2,2,1898,30.7
1898-3,3,1898,44.2
1898-4,4,1898,49
1898-5,5,1898,62.1
1898-6,6,1898,72.7
1898-7,7,1898,74.9
1898-8,8,1898,72.7
1898-9,9,1898,68.4
1898-10,10,1898,51.6
1898-11,11,1898,36.4
1898-12,12,1898,26.3
1899-1,1,1899,25.4
1899-2,2,1899,19.2
1899-3,3,1899,33
1899-4,4,1899,52.7
1899-5,5,1899,63.1
1899-6,6,1899,73.3
1899-7,7,1899,75.1
1899-8,8,1899,75.7
1899-9,9,1899,65.4
1899-10,10,1899,57.9
1899-11,11,1899,43.7
1899-12,12,1899,28.3
1900-1,1,1900,30.2
1900-2,2,1900,24.6
1900-3,3,1900,34
1900-4,4,1900,52
1900-5,5,1900,64.6
1900-6,6,1900,70.4
1900-7,7,1900,75
1900-8,8,1900,78.1
1900-9,9,1900,69.3
1900-10,10,1900,60.9
1900-11,11,1900,40.8
1900-12,12,1900,30.7
1901-1,1,1901,28.2
1901-2,2,1901,21.5
1901-3,3,1901,38.9
1901-4,4,1901,47.8
1901-5,5,1901,59.6
1901-6,6,1901,72.7
1901-7,7,1901,80.4
1901-8,8,1901,74.4
1901-9,9,1901,66.2
1901-10,10,1901,54.9
1901-11,11,1901,36.8
1901-12,12,1901,24.9
1902-1,1,1902,26.4
1902-2,2,1902,19.7
1902-3,3,1902,42
1902-4,4,1902,49.4
1902-5,5,1902,66.1
1902-6,6,1902,69.2
1902-7,7,1902,75.4
1902-8,8,1902,70.3
1902-9,9,1902,62.8
1902-10,10,1902,56.1
1902-11,11,1902,47.8
1902-12,12,1902,27.9
1903-1,1,1903,25.5
1903-2,2,1903,28.2
1903-3,3,1903,45.6
1903-4,4,1903,51
1903-5,5,1903,64.9
1903-6,6,1903,65.4
1903-7,7,1903,75.4
1903-8,8,1903,71.5
1903-9,9,1903,65.6
1903-10,10,1903,53.6
1903-11,11,1903,36.4
1903-12,12,1903,22.2
1904-1,1,1904,19.1
1904-2,2,1904,22.1
1904-3,3,1904,39
1904-4,4,1904,45.6
1904-5,5,1904,61.1
1904-6,6,1904,68.9
1904-7,7,1904,72.4
1904-8,8,1904,70.4
1904-9,9,1904,66.1
1904-10,10,1904,52.4
1904-11,11,1904,40.1
1904-12,12,1904,27.9
1905-1,1,1905,20.4
1905-2,2,1905,18.4
1905-3,3,1905,44.5
1905-4,4,1905,50.5
1905-5,5,1905,62.5
1905-6,6,1905,71
1905-7,7,1905,73
1905-8,8,1905,73.2
1905-9,9,1905,66.2
1905-10,10,1905,52.1
1905-11,11,1905,40.2
1905-12,12,1905,30.6
1906-1,1,1906,33.2
1906-2,2,1906,26.9
1906-3,3,1906,29.3
1906-4,4,1906,53
1906-5,5,1906,62.9
1906-6,6,1906,69.7
1906-7,7,1906,72.7
1906-8,8,1906,75.1
1906-9,9,1906,69.8
1906-10,10,1906,51.9
1906-11,11,1906,39.4
1906-12,12,1906,31.6
1907-1,1,1907,31.4
1907-2,2,1907,27.7
1907-3,3,1907,45.8
1907-4,4,1907,41.1
1907-5,5,1907,55.2
1907-6,6,1907,66.3
1907-7,7,1907,73.4
1907-8,8,1907,70
1907-9,9,1907,63.6
1907-10,10,1907,49.8
1907-11,11,1907,37
1907-12,12,1907,31.4
1908-1,1,1908,28.5
1908-2,2,1908,26.8
1908-3,3,1908,42.9
1908-4,4,1908,50.6
1908-5,5,1908,62.2
1908-6,6,1908,69.1
1908-7,7,1908,74
1908-8,8,1908,72.8
1908-9,9,1908,69
1908-10,10,1908,53.4
1908-11,11,1908,41.6
1908-12,12,1908,31.5
1909-1,1,1909,29
1909-2,2,1909,32.6
1909-3,3,1909,37.1
1909-4,4,1909,48.6
1909-5,5,1909,58.1
1909-6,6,1909,70.6
1909-7,7,1909,70.9
1909-8,8,1909,73.8
1909-9,9,1909,62.4
1909-10,10,1909,48.1
1909-11,11,1909,49.1
1909-12,12,1909,20.6
1910-1,1,1910,25.9
1910-2,2,1910,24.6
1910-3,3,1910,48.8
1910-4,4,1910,50.8
1910-5,5,1910,55.8
1910-6,6,1910,68
1910-7,7,1910,73.9
1910-8,8,1910,70.6
1910-9,9,1910,65.4
1910-10,10,1910,55.5
1910-11,11,1910,34.9
1910-12,12,1910,24.5
1911-1,1,1911,29.6
1911-2,2,1911,33.3
1911-3,3,1911,38.4
1911-4,4,1911,48.2
1911-5,5,1911,67.1
1911-6,6,1911,73.4
1911-7,7,1911,74.8
1911-8,8,1911,72.5
1911-9,9,1911,68.4
1911-10,10,1911,52.5
1911-11,11,1911,34.7
1911-12,12,1911,34
1912-1,1,1912,14.9
1912-2,2,1912,20.8
1912-3,3,1912,30.2
1912-4,4,1912,52.7
1912-5,5,1912,63.5
1912-6,6,1912,67.4
1912-7,7,1912,74
1912-8,8,1912,70.6
1912-9,9,1912,67.2
1912-10,10,1912,53.8
1912-11,11,1912,40.1
1912-12,12,1912,32.1
1913-1,1,1913,31.1
1913-2,2,1913,25
1913-3,3,1913,37
1913-4,4,1913,50.4
1913-5,5,1913,62.8
1913-6,6,1913,73.1
1913-7,7,1913,77.4
1913-8,8,1913,76.1
1913-9,9,1913,65.4
1913-10,10,1913,52.7
1913-11,11,1913,45.4
1913-12,12,1913,35.4
1914-1,1,1914,33.2
1914-2,2,1914,20.3
1914-3,3,1914,36
1914-4,4,1914,51.2
1914-5,5,1914,64.4
1914-6,6,1914,75.1
1914-7,7,1914,77.6
1914-8,8,1914,74.3
1914-9,9,1914,65.1
1914-10,10,1914,56.4
1914-11,11,1914,42.2
1914-12,12,1914,23.3
1915-1,1,1915,22.4
1915-2,2,1915,35.6
1915-3,3,1915,34.1
1915-4,4,1915,56.3
1915-5,5,1915,58.8
1915-6,6,1915,68
1915-7,7,1915,72
1915-8,8,1915,66.4
1915-9,9,1915,67.1
1915-10,10,1915,54.7
1915-11,11,1915,43.5
1915-12,12,1915,28.6
1916-1,1,1916,31.2
1916-2,2,1916,25.8
1916-3,3,1916,36.4
1916-4,4,1916,48.9
1916-5,5,1916,63
1916-6,6,1916,66.3
1916-7,7,1916,79.8
1916-8,8,1916,75.5
1916-9,9,1916,64.4
1916-10,10,1916,53.3
1916-11,11,1916,42.8
1916-12,12,1916,27
1917-1,1,1917,28
1917-2,2,1917,24.6
1917-3,3,1917,40.6
1917-4,4,1917,48.9
1917-5,5,1917,55.8
1917-6,6,1917,67.8
1917-7,7,1917,73.4
1917-8,8,1917,71.1
1917-9,9,1917,64
1917-10,10,1917,45.1
1917-11,11,1917,41
1917-12,12,1917,20.8
1918-1,1,1918,11.3
1918-2,2,1918,29.4
1918-3,3,1918,45.5
1918-4,4,1918,47.5
1918-5,5,1918,66.8
1918-6,6,1918,70.7
1918-7,7,1918,72.2
1918-8,8,1918,77.5
1918-9,9,1918,57.9
1918-10,10,1918,56.1
1918-11,11,1918,40.9
1918-12,12,1918,38.1
1919-1,1,1919,31.4
1919-2,2,1919,31.6
1919-3,3,1919,41.7
1919-4,4,1919,51.4
1919-5,5,1919,58.7
1919-6,6,1919,74.5
1919-7,7,1919,78
1919-8,8,1919,72.1
1919-9,9,1919,68.8
1919-10,10,1919,58.7
1919-11,11,1919,39.6
1919-12,12,1919,23.5
1920-1,1,1920,20
1920-2,2,1920,28.3
1920-3,3,1920,40.9
1920-4,4,1920,45.5
1920-5,5,1920,60.3
1920-6,6,1920,70.4
1920-7,7,1920,72.8
1920-8,8,1920,71
1920-9,9,1920,68.3
1920-10,10,1920,59
1920-11,11,1920,39.4
1920-12,12,1920,30.9
1921-1,1,1921,32.1
1921-2,2,1921,34.6
1921-3,3,1921,48.5
1921-4,4,1921,54.5
1921-5,5,1921,64.2
1921-6,6,1921,75.8
1921-7,7,1921,79.8
1921-8,8,1921,72
1921-9,9,1921,70.3
1921-10,10,1921,53.6
1921-11,11,1921,42
1921-12,12,1921,33.7
1922-1,1,1922,24.5
1922-2,2,1922,31.7
1922-3,3,1922,41.9
1922-4,4,1922,52.7
1922-5,5,1922,65.4
1922-6,6,1922,72.8
1922-7,7,1922,73.4
1922-8,8,1922,72.7
1922-9,9,1922,69.5
1922-10,10,1922,56.2
1922-11,11,1922,42.7
1922-12,12,1922,30.8
1923-1,1,1923,31.5
1923-2,2,1923,24.2
1923-3,3,1923,36.9
1923-4,4,1923,48.7
1923-5,5,1923,59.6
1923-6,6,1923,71.6
1923-7,7,1923,74.6
1923-8,8,1923,71.8
1923-9,9,1923,65.3
1923-10,10,1923,50.4
1923-11,11,1923,41.4
1923-12,12,1923,39.5
1924-1,1,1924,20.8
1924-2,2,1924,28.4
1924-3,3,1924,33.8
1924-4,4,1924,51.7
1924-5,5,1924,54.4
1924-6,6,1924,68.6
1924-7,7,1924,71.1
1924-8,8,1924,71.9
1924-9,9,1924,60.9
1924-10,10,1924,58.3
1924-11,11,1924,40.9
1924-12,12,1924,24.8
1925-1,1,1925,25.4
1925-2,2,1925,36.3
1925-3,3,1925,41.8
1925-4,4,1925,56.3
1925-5,5,1925,57.8
1925-6,6,1925,74
1925-7,7,1925,74.4
1925-8,8,1925,72.9
1925-9,9,1925,72.5
1925-10,10,1925,44.8
1925-11,11,1925,38.2
1925-12,12,1925,26.7
1926-1,1,1926,26.9
1926-2,2,1926,32.7
1926-3,3,1926,32.8
1926-4,4,1926,44.2
1926-5,5,1926,63.2
1926-6,6,1926,66.7
1926-7,7,1926,76.1
1926-8,8,1926,74.6
1926-9,9,1926,66.9
1926-10,10,1926,53.3
1926-11,11,1926,36.9
1926-12,12,1926,27.4
1927-1,1,1927,24.8
1927-2,2,1927,37.4
1927-3,3,1927,42.7
1927-4,4,1927,51.2
1927-5,5,1927,59.9
1927-6,6,1927,65.9
1927-7,7,1927,73.4
1927-8,8,1927,66.4
1927-9,9,1927,69.7
1927-10,10,1927,57.3
1927-11,11,1927,44.4
1927-12,12,1927,28.6
1928-1,1,1928,26.8
1928-2,2,1928,30.2
1928-3,3,1928,38.3
1928-4,4,1928,46.1
1928-5,5,1928,60.5
1928-6,6,1928,65.1
1928-7,7,1928,74.1
1928-8,8,1928,73.5
1928-9,9,1928,61
1928-10,10,1928,56.3
1928-11,11,1928,41
1928-12,12,1928,32.7
1929-1,1,1929,22.4
1929-2,2,1929,23.3
1929-3,3,1929,46
1929-4,4,1929,53.8
1929-5,5,1929,58.3
1929-6,6,1929,67.9
1929-7,7,1929,74.5
1929-8,8,1929,70.6
1929-9,9,1929,65.1
1929-10,10,1929,51.2
1929-11,11,1929,36
1929-12,12,1929,28.6
1930-1,1,1930,21.6
1930-2,2,1930,39.2
1930-3,3,1930,38.2
1930-4,4,1930,53.5
1930-5,5,1930,62.8
1930-6,6,1930,70.3
1930-7,7,1930,76.5
1930-8,8,1930,74.1
1930-9,9,1930,67.5
1930-10,10,1930,51.6
1930-11,11,1930,41
1930-12,12,1930,29.7
1931-1,1,1931,31.2
1931-2,2,1931,35.9
1931-3,3,1931,34.8
1931-4,4,1931,51.6
1931-5,5,1931,58.3
1931-6,6,1931,73.4
1931-7,7,1931,77.8
1931-8,8,1931,73.1
1931-9,9,1931,71
1931-10,10,1931,57
1931-11,11,1931,48.9
1931-12,12,1931,38.1
1932-1,1,1932,35.6
1932-2,2,1932,37.3
1932-3,3,1932,32.4
1932-4,4,1932,51
1932-5,5,1932,62.2
1932-6,6,1932,72.3
1932-7,7,1932,76.1
1932-8,8,1932,73.1
1932-9,9,1932,64.7
1932-10,10,1932,53
1932-11,11,1932,35.1
1932-12,12,1932,29.9
1933-1,1,1933,36.7
1933-2,2,1933,29.1
1933-3,3,1933,38.4
1933-4,4,1933,50.6
1933-5,5,1933,64.1
1933-6,6,1933,77
1933-7,7,1933,77.5
1933-8,8,1933,72.1
1933-9,9,1933,71.4
1933-10,10,1933,52.1
1933-11,11,1933,39
1933-12,12,1933,34.8
1934-1,1,1934,32.2
1934-2,2,1934,23
1934-3,3,1934,35.3
1934-4,4,1934,50.8
1934-5,5,1934,65.6
1934-6,6,1934,77.3
1934-7,7,1934,80.1
1934-8,8,1934,72.8
1934-9,9,1934,64.6
1934-10,10,1934,55.4
1934-11,11,1934,44.3
1934-12,12,1934,27.4
1935-1,1,1935,29
1935-2,2,1935,32.1
1935-3,3,1935,46.5
1935-4,4,1935,48.1
1935-5,5,1935,56.6
1935-6,6,1935,67.3
1935-7,7,1935,77.2
1935-8,8,1935,74.4
1935-9,9,1935,65.2
1935-10,10,1935,53.9
1935-11,11,1935,39.5
1935-12,12,1935,23.8
1936-1,1,1936,19.8
1936-2,2,1936,20
1936-3,3,1936,42.6
1936-4,4,1936,46.6
1936-5,5,1936,64.8
1936-6,6,1936,71.6
1936-7,7,1936,81.8
1936-8,8,1936,78.8
1936-9,9,1936,69.4
1936-10,10,1936,53.2
1936-11,11,1936,36.8
1936-12,12,1936,33.5
1937-1,1,1937,30
1937-2,2,1937,29.1
1937-3,3,1937,35.9
1937-4,4,1937,49.5
1937-5,5,1937,62
1937-6,6,1937,70
1937-7,7,1937,73.6
1937-8,8,1937,75.5
1937-9,9,1937,63.7
1937-10,10,1937,50.8
1937-11,11,1937,36.5
1937-12,12,1937,27
1938-1,1,1938,27
1938-2,2,1938,37.5
1938-3,3,1938,46.3
1938-4,4,1938,53
1938-5,5,1938,61.1
1938-6,6,1938,69.2
1938-7,7,1938,75.2
1938-8,8,1938,75
1938-9,9,1938,67.7
1938-10,10,1938,57.3
1938-11,11,1938,43
1938-12,12,1938,30.8
1939-1,1,1939,32.7
1939-2,2,1939,30
1939-3,3,1939,41.7
1939-4,4,1939,47.3
1939-5,5,1939,64.5
1939-6,6,1939,72.6
1939-7,7,1939,74.4
1939-8,8,1939,72.1
1939-9,9,1939,71.1
1939-10,10,1939,56.1
1939-11,11,1939,39.1
1939-12,12,1939,33.7
1940-1,1,1940,13.4
1940-2,2,1940,29.6
1940-3,3,1940,36.3
1940-4,4,1940,48.2
1940-5,5,1940,58
1940-6,6,1940,71.5
1940-7,7,1940,75.1
1940-8,8,1940,74.5
1940-9,9,1940,64
1940-10,10,1940,57.4
1940-11,11,1940,38.6
1940-12,12,1940,35.2
1941-1,1,1941,28.8
1941-2,2,1941,26.1
1941-3,3,1941,34.8
1941-4,4,1941,55.9
1941-5,5,1941,64.8
1941-6,6,1941,71.4
1941-7,7,1941,75.2
1941-8,8,1941,73.6
1941-9,9,1941,69.1
1941-10,10,1941,57.4
1941-11,11,1941,42.3
1941-12,12,1941,36.5
1942-1,1,1942,27
1942-2,2,1942,26.8
1942-3,3,1942,42.2
1942-4,4,1942,55.2
1942-5,5,1942,62.4
1942-6,6,1942,71.3
1942-7,7,1942,75.5
1942-8,8,1942,71.8
1942-9,9,1942,64.1
1942-10,10,1942,54.4
1942-11,11,1942,43.3
1942-12,12,1942,25.7
1943-1,1,1943,27.6
1943-2,2,1943,32.4
1943-3,3,1943,36
1943-4,4,1943,48.8
1943-5,5,1943,61.1
1943-6,6,1943,74.7
1943-7,7,1943,75.6
1943-8,8,1943,74.5
1943-9,9,1943,61.6
1943-10,10,1943,52.9
1943-11,11,1943,36.6
1943-12,12,1943,27.5
1944-1,1,1944,31.3
1944-2,2,1944,32.1
1944-3,3,1944,35.9
1944-4,4,1944,49.2
1944-5,5,1944,67.2
1944-6,6,1944,74.7
1944-7,7,1944,75.3
1944-8,8,1944,73.6
1944-9,9,1944,66.2
1944-10,10,1944,53.3
1944-11,11,1944,42.3
1944-12,12,1944,23.9
1945-1,1,1945,22
1945-2,2,1945,31.7
1945-3,3,1945,50.5
1945-4,4,1945,52.5
1945-5,5,1945,57
1945-6,6,1945,68
1945-7,7,1945,72.5
1945-8,8,1945,72.2
1945-9,9,1945,66.9
1945-10,10,1945,51.8
1945-11,11,1945,41.1
1945-12,12,1945,23.4
1946-1,1,1946,28.2
1946-2,2,1946,32.6
1946-3,3,1946,51.7
1946-4,4,1946,53.3
1946-5,5,1946,58.8
1946-6,6,1946,70.7
1946-7,7,1946,74.6
1946-8,8,1946,68.4
1946-9,9,1946,65.2
1946-10,10,1946,57.6
1946-11,11,1946,44.2
1946-12,12,1946,34.7
1947-1,1,1947,31.3
1947-2,2,1947,22.2
1947-3,3,1947,32.4
1947-4,4,1947,50.4
1947-5,5,1947,58
1947-6,6,1947,68.1
1947-7,7,1947,70.6
1947-8,8,1947,78.9
1947-9,9,1947,66.2
1947-10,10,1947,60.9
1947-11,11,1947,35.8
1947-12,12,1947,31.2
1948-1,1,1948,20.7
1948-2,2,1948,29.9
1948-3,3,1948,40.4
1948-4,4,1948,54.9
1948-5,5,1948,59.8
1948-6,6,1948,71.1
1948-7,7,1948,74.6
1948-8,8,1948,72.7
1948-9,9,1948,66.9
1948-10,10,1948,50.8
1948-11,11,1948,44.9
1948-12,12,1948,33.6
1949-1,1,1949,32.2
1949-2,2,1949,33.2
1949-3,3,1949,40.1
1949-4,4,1949,50.1
1949-5,5,1949,63.2
1949-6,6,1949,73.6
1949-7,7,1949,78.4
1949-8,8,1949,73
1949-9,9,1949,60.4
1949-10,10,1949,58.1
1949-11,11,1949,41.5
1949-12,12,1949,35
1950-1,1,1950,35.5
1950-2,2,1950,30
1950-3,3,1950,35.6
1950-4,4,1950,45.2
1950-5,5,1950,63.4
1950-6,6,1950,69.2
1950-7,7,1950,72
1950-8,8,1950,69.9
1950-9,9,1950,64.2
1950-10,10,1950,58.3
1950-11,11,1950,34.7
1950-12,12,1950,21.9
1951-1,1,1951,28.4
1951-2,2,1951,29.6
1951-3,3,1951,36.8
1951-4,4,1951,47.8
1951-5,5,1951,63.5
1951-6,6,1951,69.2
1951-7,7,1951,73.7
1951-8,8,1951,71.3
1951-9,9,1951,62.7
1951-10,10,1951,56.5
1951-11,11,1951,33.5
1951-12,12,1951,29.2
1952-1,1,1952,31.2
1952-2,2,1952,34.6
1952-3,3,1952,38.5
1952-4,4,1952,51.5
1952-5,5,1952,60.8
1952-6,6,1952,76.4
1952-7,7,1952,77
1952-8,8,1952,71.9
1952-9,9,1952,65.4
1952-10,10,1952,49.3
1952-11,11,1952,42
1952-12,12,1952,33.6
1953-1,1,1953,31.7
1953-2,2,1953,34.9
1953-3,3,1953,41
1953-4,4,1953,47.5
1953-5,5,1953,64
1953-6,6,1953,76.1
1953-7,7,1953,75.5
1953-8,8,1953,73.6
1953-9,9,1953,66.9
1953-10,10,1953,57.8
1953-11,11,1953,42.4
1953-12,12,1953,31.8
1954-1,1,1954,29.1
1954-2,2,1954,38.7
1954-3,3,1954,36.6
1954-4,4,1954,56.1
1954-5,5,1954,57.6
1954-6,6,1954,75.3
1954-7,7,1954,77.6
1954-8,8,1954,73.4
1954-9,9,1954,69.5
1954-10,10,1954,55.3
1954-11,11,1954,40.8
1954-12,12,1954,31.5
1955-1,1,1955,26.4
1955-2,2,1955,30.6
1955-3,3,1955,39.8
1955-4,4,1955,57.2
1955-5,5,1955,63.2
1955-6,6,1955,66.6
1955-7,7,1955,79.3
1955-8,8,1955,75.8
1955-9,9,1955,68.5
1955-10,10,1955,54.2
1955-11,11,1955,37
1955-12,12,1955,27.2
1956-1,1,1956,26.3
1956-2,2,1956,31.9
1956-3,3,1956,39.8
1956-4,4,1956,48.6
1956-5,5,1956,62.3
1956-6,6,1956,72
1956-7,7,1956,73.1
1956-8,8,1956,72.6
1956-9,9,1956,64.2
1956-10,10,1956,59.8
1956-11,11,1956,40.5
1956-12,12,1956,36.2
1957-1,1,1957,21.3
1957-2,2,1957,35.5
1957-3,3,1957,39.6
1957-4,4,1957,52.2
1957-5,5,1957,62
1957-6,6,1957,71.4
1957-7,7,1957,74.9
1957-8,8,1957,72.7
1957-9,9,1957,63.9
1957-10,10,1957,50.5
1957-11,11,1957,40.1
1957-12,12,1957,35.1
1958-1,1,1958,27.5
1958-2,2,1958,22.6
1958-3,3,1958,35.2
1958-4,4,1958,51.7
1958-5,5,1958,60.8
1958-6,6,1958,66.4
1958-7,7,1958,72.7
1958-8,8,1958,71.9
1958-9,9,1958,65.6
1958-10,10,1958,54.3
1958-11,11,1958,43.3
1958-12,12,1958,22.5
1959-1,1,1959,22.9
1959-2,2,1959,30.4
1959-3,3,1959,38.5
1959-4,4,1959,52
1959-5,5,1959,66
1959-6,6,1959,71.7
1959-7,7,1959,74.2
1959-8,8,1959,76.4
1959-9,9,1959,67.8
1959-10,10,1959,53.5
1959-11,11,1959,35.2
1959-12,12,1959,35.4
1960-1,1,1960,29.5
1960-2,2,1960,27.1
1960-3,3,1960,24.7
1960-4,4,1960,54.9
1960-5,5,1960,58.4
1960-6,6,1960,69.1
1960-7,7,1960,72.2
1960-8,8,1960,73.9
1960-9,9,1960,70.2
1960-10,10,1960,54
1960-11,11,1960,42.2
1960-12,12,1960,24.6
1961-1,1,1961,23.5
1961-2,2,1961,33.6
1961-3,3,1961,42.9
1961-4,4,1961,45.7
1961-5,5,1961,56.7
1961-6,6,1961,68.5
1961-7,7,1961,73.7
1961-8,8,1961,71.6
1961-9,9,1961,69.8
1961-10,10,1961,55.8
1961-11,11,1961,41
1961-12,12,1961,28.7
1962-1,1,1962,22.2
1962-2,2,1962,30.2
1962-3,3,1962,36.2
1962-4,4,1962,49.6
1962-5,5,1962,68.4
1962-6,6,1962,71.6
1962-7,7,1962,72.4
1962-8,8,1962,71.8
1962-9,9,1962,62.7
1962-10,10,1962,56.5
1962-11,11,1962,40.7
1962-12,12,1962,25.2
1963-1,1,1963,17.5
1963-2,2,1963,20.7
1963-3,3,1963,42.6
1963-4,4,1963,53.6
1963-5,5,1963,59.9
1963-6,6,1963,71.6
1963-7,7,1963,72.9
1963-8,8,1963,69.2
1963-9,9,1963,64.8
1963-10,10,1963,61.4
1963-11,11,1963,43.9
1963-12,12,1963,17.8
1964-1,1,1964,29.6
1964-2,2,1964,28.3
1964-3,3,1964,38.6
1964-4,4,1964,53.4
1964-5,5,1964,65.7
1964-6,6,1964,72.7
1964-7,7,1964,74.3
1964-8,8,1964,71.2
1964-9,9,1964,65.9
1964-10,10,1964,50.5
1964-11,11,1964,44.7
1964-12,12,1964,29.7
1965-1,1,1965,27
1965-2,2,1965,28
1965-3,3,1965,32.3
1965-4,4,1965,52.5
1965-5,5,1965,67.6
1965-6,6,1965,70.3
1965-7,7,1965,72
1965-8,8,1965,70.2
1965-9,9,1965,66.6
1965-10,10,1965,52.9
1965-11,11,1965,43.2
1965-12,12,1965,36.7
1966-1,1,1966,21.8
1966-2,2,1966,28.8
1966-3,3,1966,41.4
1966-4,4,1966,48.5
1966-5,5,1966,56.9
1966-6,6,1966,70.5
1966-7,7,1966,77.3
1966-8,8,1966,70.6
1966-9,9,1966,63.2
1966-10,10,1966,50.2
1966-11,11,1966,42.4
1966-12,12,1966,30.9
1967-1,1,1967,29.4
1967-2,2,1967,25.2
1967-3,3,1967,41.4
1967-4,4,1967,53.3
1967-5,5,1967,57.2
1967-6,6,1967,71.7
1967-7,7,1967,71.6
1967-8,8,1967,68.3
1967-9,9,1967,62.5
1967-10,10,1967,52.9
1967-11,11,1967,36.9
1967-12,12,1967,32.4
1968-1,1,1968,22.7
1968-2,2,1968,24.6
1968-3,3,1968,41.3
1968-4,4,1968,52.2
1968-5,5,1968,57.8
1968-6,6,1968,71.7
1968-7,7,1968,74.4
1968-8,8,1968,73.3
1968-9,9,1968,65.2
1968-10,10,1968,53.7
1968-11,11,1968,41.6
1968-12,12,1968,29.2
1969-1,1,1969,23.1
1969-2,2,1969,30.2
1969-3,3,1969,33.9
1969-4,4,1969,52.2
1969-5,5,1969,62
1969-6,6,1969,68.7
1969-7,7,1969,75.4
1969-8,8,1969,71.8
1969-9,9,1969,64.6
1969-10,10,1969,53.1
1969-11,11,1969,37.5
1969-12,12,1969,28.1
1970-1,1,1970,17.7
1970-2,2,1970,27.4
1970-3,3,1970,36.4
1970-4,4,1970,52.9
1970-5,5,1970,64.6
1970-6,6,1970,69.8
1970-7,7,1970,73.6
1970-8,8,1970,72.1
1970-9,9,1970,68.8
1970-10,10,1970,54.6
1970-11,11,1970,39.8
1970-12,12,1970,33.1
1971-1,1,1971,22.2
1971-2,2,1971,28.5
1971-3,3,1971,36
1971-4,4,1971,50.3
1971-5,5,1971,58
1971-6,6,1971,74.5
1971-7,7,1971,71.2
1971-8,8,1971,69.9
1971-9,9,1971,68.5
1971-10,10,1971,61.1
1971-11,11,1971,42
1971-12,12,1971,37.6
1972-1,1,1972,25
1972-2,2,1972,27.3
1972-3,3,1972,38.8
1972-4,4,1972,49.8
1972-5,5,1972,63.7
1972-6,6,1972,66.7
1972-7,7,1972,73.3
1972-8,8,1972,72
1972-9,9,1972,67.1
1972-10,10,1972,50.5
1972-11,11,1972,38.2
1972-12,12,1972,29
1973-1,1,1973,29.3
1973-2,2,1973,30.8
1973-3,3,1973,47.8
1973-4,4,1973,50.4
1973-5,5,1973,58.2
1973-6,6,1973,71.9
1973-7,7,1973,75
1973-8,8,1973,73.1
1973-9,9,1973,68
1973-10,10,1973,58.4
1973-11,11,1973,43.6
1973-12,12,1973,29.2
1974-1,1,1974,27.8
1974-2,2,1974,30.7
1974-3,3,1974,43
1974-4,4,1974,53.1
1974-5,5,1974,60.1
1974-6,6,1974,66.8
1974-7,7,1974,75.6
1974-8,8,1974,71.7
1974-9,9,1974,60.5
1974-10,10,1974,52.1
1974-11,11,1974,41.9
1974-12,12,1974,32.3
1975-1,1,1975,30.6
1975-2,2,1975,29.7
1975-3,3,1975,35.8
1975-4,4,1975,47.5
1975-5,5,1975,64.7
1975-6,6,1975,71.5
1975-7,7,1975,73
1975-8,8,1975,74.7
1975-9,9,1975,61.4
1975-10,10,1975,55.4
1975-11,11,1975,46.3
1975-12,12,1975,32.4
1976-1,1,1976,22.9
1976-2,2,1976,37.6
1976-3,3,1976,46.1
1976-4,4,1976,53.4
1976-5,5,1976,58.1
1976-6,6,1976,70.3
1976-7,7,1976,73.1
1976-8,8,1976,69.5
1976-9,9,1976,62.5
1976-10,10,1976,48.1
1976-11,11,1976,33.2
1976-12,12,1976,23.5
1977-1,1,1977,8.9
1977-2,2,1977,26.8
1977-3,3,1977,44.9
1977-4,4,1977,56.2
1977-5,5,1977,68.6
1977-6,6,1977,69.2
1977-7,7,1977,76.9
1977-8,8,1977,71.5
1977-9,9,1977,67.5
1977-10,10,1977,51
1977-11,11,1977,42.8
1977-12,12,1977,25.7
1978-1,1,1978,15.8
1978-2,2,1978,15.1
1978-3,3,1978,32.4
1978-4,4,1978,51.8
1978-5,5,1978,59.1
1978-6,6,1978,71.4
1978-7,7,1978,74.2
1978-8,8,1978,71.8
1978-9,9,1978,69
1978-10,10,1978,51.7
1978-11,11,1978,44.3
1978-12,12,1978,31.7
1979-1,1,1979,15
1979-2,2,1979,16.9
1979-3,3,1979,40.6
1979-4,4,1979,48.6
1979-5,5,1979,60.3
1979-6,6,1979,71
1979-7,7,1979,71.9
1979-8,8,1979,71.6
1979-9,9,1979,64.9
1979-10,10,1979,53.5
1979-11,11,1979,40.7
1979-12,12,1979,33.7
1980-1,1,1980,27.3
1980-2,2,1980,22.2
1980-3,3,1980,35.2
1980-4,4,1980,48.4
1980-5,5,1980,62.8
1980-6,6,1980,68.7
1980-7,7,1980,77.9
1980-8,8,1980,76.1
1980-9,9,1980,67.3
1980-10,10,1980,50.9
1980-11,11,1980,39.9
1980-12,12,1980,30.8
1981-1,1,1981,22.6
1981-2,2,1981,30.9
1981-3,3,1981,39.2
1981-4,4,1981,56
1981-5,5,1981,57.6
1981-6,6,1981,72.6
1981-7,7,1981,74.3
1981-8,8,1981,71.3
1981-9,9,1981,64
1981-10,10,1981,51.5
1981-11,11,1981,43.2
1981-12,12,1981,26.6
1982-1,1,1982,17.6
1982-2,2,1982,24.5
1982-3,3,1982,39.6
1982-4,4,1982,45.8
1982-5,5,1982,66.8
1982-6,6,1982,66
1982-7,7,1982,74.6
1982-8,8,1982,69.8
1982-9,9,1982,64.3
1982-10,10,1982,54.5
1982-11,11,1982,43
1982-12,12,1982,39.4
1983-1,1,1983,29.1
1983-2,2,1983,34
1983-3,3,1983,41.2
1983-4,4,1983,47.2
1983-5,5,1983,58.1
1983-6,6,1983,71.5
1983-7,7,1983,78.2
1983-8,8,1983,77.3
1983-9,9,1983,66.3
1983-10,10,1983,55.1
1983-11,11,1983,44.5
1983-12,12,1983,18.6
1984-1,1,1984,20.9
1984-2,2,1984,35.9
1984-3,3,1984,30.9
1984-4,4,1984,49.1
1984-5,5,1984,58.5
1984-6,6,1984,74.6
1984-7,7,1984,71.7
1984-8,8,1984,73.3
1984-9,9,1984,63.6
1984-10,10,1984,58.7
1984-11,11,1984,40.6
1984-12,12,1984,37.2
1985-1,1,1985,19.4
1985-2,2,1985,24.7
1985-3,3,1985,44.2
1985-4,4,1985,56.5
1985-5,5,1985,63.7
1985-6,6,1985,68.8
1985-7,7,1985,73.1
1985-8,8,1985,70.2
1985-9,9,1985,66.3
1985-10,10,1985,57
1985-11,11,1985,45.2
1985-12,12,1985,21.8
1986-1,1,1986,28
1986-2,2,1986,29.6
1986-3,3,1986,42.4
1986-4,4,1986,54.3
1986-5,5,1986,63.1
1986-6,6,1986,72.2
1986-7,7,1986,76.9
1986-8,8,1986,68.8
1986-9,9,1986,68.6
1986-10,10,1986,54.7
1986-11,11,1986,38.7
1986-12,12,1986,31.7
1987-1,1,1987,25.8
1987-2,2,1987,33.9
1987-3,3,1987,43.8
1987-4,4,1987,51.6
1987-5,5,1987,67.7
1987-6,6,1987,73.1
1987-7,7,1987,75.5
1987-8,8,1987,73.5
1987-9,9,1987,66.8
1987-10,10,1987,47.4
1987-11,11,1987,45.8
1987-12,12,1987,34.8
1988-1,1,1988,23.8
1988-2,2,1988,26.3
1988-3,3,1988,40.5
1988-4,4,1988,51
1988-5,5,1988,63.6
1988-6,6,1988,72.6
1988-7,7,1988,76.6
1988-8,8,1988,76.8
1988-9,9,1988,66.2
1988-10,10,1988,47.2
1988-11,11,1988,42.6
1988-12,12,1988,30.2
1989-1,1,1989,34.8
1989-2,2,1989,25.5
1989-3,3,1989,40.6
1989-4,4,1989,50.1
1989-5,5,1989,58.1
1989-6,6,1989,70.6
1989-7,7,1989,74.7
1989-8,8,1989,71.8
1989-9,9,1989,62.9
1989-10,10,1989,54.7
1989-11,11,1989,41
1989-12,12,1989,17.6
1990-1,1,1990,36.7
1990-2,2,1990,36.6
1990-3,3,1990,44.8
1990-4,4,1990,50.2
1990-5,5,1990,59
1990-6,6,1990,70.7
1990-7,7,1990,73.1
1990-8,8,1990,70.7
1990-9,9,1990,66.5
1990-10,10,1990,52.5
1990-11,11,1990,47.1
1990-12,12,1990,32.6
1991-1,1,1991,25.2
1991-2,2,1991,34.3
1991-3,3,1991,43.6
1991-4,4,1991,55.2
1991-5,5,1991,68.6
1991-6,6,1991,74.2
1991-7,7,1991,75.6
1991-8,8,1991,73.5
1991-9,9,1991,65.8
1991-10,10,1991,56.5
1991-11,11,1991,38.4
1991-12,12,1991,34
1992-1,1,1992,30.5
1992-2,2,1992,37.1
1992-3,3,1992,41.8
1992-4,4,1992,50.2
1992-5,5,1992,60.1
1992-6,6,1992,67.3
1992-7,7,1992,72.6
1992-8,8,1992,67.9
1992-9,9,1992,63.9
1992-10,10,1992,52.6
1992-11,11,1992,41.7
1992-12,12,1992,31.7
1993-1,1,1993,29.4
1993-2,2,1993,26.2
1993-3,3,1993,37
1993-4,4,1993,49.1
1993-5,5,1993,62.6
1993-6,6,1993,69.8
1993-7,7,1993,76.2
1993-8,8,1993,73.7
1993-9,9,1993,61
1993-10,10,1993,50.8
1993-11,11,1993,40.6
1993-12,12,1993,30.9
1994-1,1,1994,20.1
1994-2,2,1994,27.5
1994-3,3,1994,39.7
1994-4,4,1994,52.7
1994-5,5,1994,58.8
1994-6,6,1994,73.5
1994-7,7,1994,73.4
1994-8,8,1994,69.4
1994-9,9,1994,64.3
1994-10,10,1994,55.4
1994-11,11,1994,47.2
1994-12,12,1994,37
1995-1,1,1995,27.4
1995-2,2,1995,29.8
1995-3,3,1995,43.8
1995-4,4,1995,50.2
1995-5,5,1995,60.2
1995-6,6,1995,72
1995-7,7,1995,75.5
1995-8,8,1995,78.1
1995-9,9,1995,63.3
1995-10,10,1995,55.3
1995-11,11,1995,35.9
1995-12,12,1995,26.8
1996-1,1,1996,24.5
1996-2,2,1996,30
1996-3,3,1996,34.1
1996-4,4,1996,47.9
1996-5,5,1996,60.9
1996-6,6,1996,70.5
1996-7,7,1996,71.6
1996-8,8,1996,72.7
1996-9,9,1996,63.4
1996-10,10,1996,54.4
1996-11,11,1996,35.2
1996-12,12,1996,32
1997-1,1,1997,21.7
1997-2,2,1997,34.7
1997-3,3,1997,42.5
1997-4,4,1997,47.1
1997-5,5,1997,56.6
1997-6,6,1997,69.2
1997-7,7,1997,73.9
1997-8,8,1997,69.7
1997-9,9,1997,65.4
1997-10,10,1997,53.7
1997-11,11,1997,38.4
1997-12,12,1997,32.9
1998-1,1,1998,34.2
1998-2,2,1998,39.8
1998-3,3,1998,40.6
1998-4,4,1998,52.8
1998-5,5,1998,66.6
1998-6,6,1998,71.4
1998-7,7,1998,73.6
1998-8,8,1998,74
1998-9,9,1998,69.9
1998-10,10,1998,56
1998-11,11,1998,44.7
1998-12,12,1998,35.7
1999-1,1,1999,26.2
1999-2,2,1999,36.6
1999-3,3,1999,36.9
1999-4,4,1999,53.6
1999-5,5,1999,63.7
1999-6,6,1999,71.8
1999-7,7,1999,77.5
1999-8,8,1999,71
1999-9,9,1999,65.9
1999-10,10,1999,53.8
1999-11,11,1999,47.9
1999-12,12,1999,32.8
2000-1,1,2000,26.5
2000-2,2,2000,36.5
2000-3,3,2000,44.8
2000-4,4,2000,50.5
2000-5,5,2000,64.4
2000-6,6,2000,70.5
2000-7,7,2000,71.9
2000-8,8,2000,72.4
2000-9,9,2000,64.7
2000-10,10,2000,57.4
2000-11,11,2000,40.2
2000-12,12,2000,18.2
2001-1,1,2001,26
2001-2,2,2001,33.2
2001-3,3,2001,37
2001-4,4,2001,57.4
2001-5,5,2001,64.4
2001-6,6,2001,69.3
2001-7,7,2001,73.8
2001-8,8,2001,73.7
2001-9,9,2001,63.8
2001-10,10,2001,53.4
2001-11,11,2001,49.3
2001-12,12,2001,36.4
2002-1,1,2002,33.8
2002-2,2,2002,34.8
2002-3,3,2002,37.9
2002-4,4,2002,53.4
2002-5,5,2002,58.7
2002-6,6,2002,73.2
2002-7,7,2002,77
2002-8,8,2002,74.3
2002-9,9,2002,68.6
2002-10,10,2002,52.4
2002-11,11,2002,39.7
2002-12,12,2002,31.9
2003-1,1,2003,20.8
2003-2,2,2003,25.4
2003-3,3,2003,42.5
2003-4,4,2003,53.4
2003-5,5,2003,60.9
2003-6,6,2003,67.2
2003-7,7,2003,73.3
2003-8,8,2003,73.6
2003-9,9,2003,63.1
2003-10,10,2003,52.8
2003-11,11,2003,45.8
2003-12,12,2003,33.7
2004-1,1,2004,24.4
2004-2,2,2004,29.9
2004-3,3,2004,44.5
2004-4,4,2004,53.9
2004-5,5,2004,66.6
2004-6,6,2004,69.5
2004-7,7,2004,71.8
2004-8,8,2004,68.5
2004-9,9,2004,67.3
2004-10,10,2004,54.6
2004-11,11,2004,46.1
2004-12,12,2004,30.7
2005-1,1,2005,30
2005-2,2,2005,35.4
2005-3,3,2005,37.5
2005-4,4,2005,54.3
2005-5,5,2005,59.7
2005-6,6,2005,73.4
2005-7,7,2005,74.8
2005-8,8,2005,74.6
2005-9,9,2005,69.2
2005-10,10,2005,55.1
2005-11,11,2005,44.3
2005-12,12,2005,26.2
2006-1,1,2006,39.1
2006-2,2,2006,31.5
2006-3,3,2006,40.7
2006-4,4,2006,55.8
2006-5,5,2006,60.5
2006-6,6,2006,70.2
2006-7,7,2006,75.5
2006-8,8,2006,73.4
2006-9,9,2006,62.7
2006-10,10,2006,51.3
2006-11,11,2006,44.3
2006-12,12,2006,36.7
2007-1,1,2007,31.5
2007-2,2,2007,19.2
2007-3,3,2007,47.5
2007-4,4,2007,49.5
2007-5,5,2007,67
2007-6,6,2007,72
2007-7,7,2007,71.4
2007-8,8,2007,77.3
2007-9,9,2007,68.9
2007-10,10,2007,59.7
2007-11,11,2007,41.8
2007-12,12,2007,32
2008-1,1,2008,27.1
2008-2,2,2008,27.5
2008-3,3,2008,38.8
2008-4,4,2008,51.6
2008-5,5,2008,57.7
2008-6,6,2008,72.4
2008-7,7,2008,73.3
2008-8,8,2008,70.8
2008-9,9,2008,67
2008-10,10,2008,54
2008-11,11,2008,40.4
2008-12,12,2008,28.6
2009-1,1,2009,21.1
2009-2,2,2009,32
2009-3,3,2009,44.8
2009-4,4,2009,51.5
2009-5,5,2009,62.1
2009-6,6,2009,72.1
2009-7,7,2009,69
2009-8,8,2009,70.5
2009-9,9,2009,65.4
2009-10,10,2009,50.5
2009-11,11,2009,46.3
2009-12,12,2009,29.6
2010-1,1,2010,22.5
2010-2,2,2010,24.7
2010-3,3,2010,43.4
2010-4,4,2010,57.8
2010-5,5,2010,64.2
2010-6,6,2010,74.7
2010-7,7,2010,76.3
2010-8,8,2010,75.8
2010-9,9,2010,67.3
2010-10,10,2010,55.8
2010-11,11,2010,42.6
2010-12,12,2010,23
2011-1,1,2011,22.8
2011-2,2,2011,31.1
2011-3,3,2011,42
2011-4,4,2011,53.4
2011-5,5,2011,62.5
2011-6,6,2011,72.4
2011-7,7,2011,78.8
2011-8,8,2011,73.2
2011-9,9,2011,64
2011-10,10,2011,53.9
2011-11,11,2011,46.8
2011-12,12,2011,36.1
2012-1,1,2012,32
2012-2,2,2012,35.3
2012-3,3,2012,55.6
2012-4,4,2012,53.5
2012-5,5,2012,68.1
2012-6,6,2012,71.5
2012-7,7,2012,80.9
2012-8,8,2012,72.4
2012-9,9,2012,63.9
2012-10,10,2012,51.8
2012-11,11,2012,40
2012-12,12,2012,37.6
2013-1,1,2013,29.2
2013-2,2,2013,30.4
2013-3,3,2013,34.6
2013-4,4,2013,50.9
2013-5,5,2013,64.5
2013-6,6,2013,70.9
2013-7,7,2013,72
2013-8,8,2013,71.6
2013-9,9,2013,67.5
2013-10,10,2013,54.2
2013-11,11,2013,38.8
2013-12,12,2013,28.4
2014-1,1,2014,19
2014-2,2,2014,20.2
2014-3,3,2014,34.4
2014-4,4,2014,52.8
2014-5,5,2014,63.2
2014-6,6,2014,72.8
2014-7,7,2014,68.7
2014-8,8,2014,72.3
2014-9,9,2014,63.6
2014-10,10,2014,53.6
2014-11,11,2014,34.8
2014-12,12,2014,33.8
2015-1,1,2015,25.1
2015-2,2,2015,19
2015-3,3,2015,36.8
2015-4,4,2015,53
2015-5,5,2015,65.2
2015-6,6,2015,71.2
2015-7,7,2015,73
2015-8,8,2015,70.8
2015-9,9,2015,68.8
2015-10,10,2015,55.8
2015-11,11,2015,46.4
2015-12,12,2015,41.8
2016-1,1,2016,27.2
2016-2,2,2016,33.4
2016-3,3,2016,47.6
2016-4,4,2016,52.3
2016-5,5,2016,60.9
2016-6,6,2016,73.5
2016-7,7,2016,74.4
2016-8,8,2016,75.6
2016-9,9,2016,70.1
2016-10,10,2016,59.6
2016-11,11,2016,47
2016-12,12,2016,29.3
2017-1,1,2017,33
2017-2,2,2017,41.2
2017-3,3,2017,43
2017-4,4,2017,56.9
2017-5,5,2017,61.2
2017-6,6,2017,71.5
2017-7,7,2017,74.6
2017-8,8,2017,70
2017-9,9,2017,68
2017-10,10,2017,57.9
2017-11,11,2017,42.3
2017-12,12,2017,29.2
2018-1,1,2018,22.9
2018-2,2,2018,34.5
2018-3,3,2018,37.9
2018-4,4,2018,45
2018-5,5,2018,70.7
2018-6,6,2018,74.1
2018-7,7,2018,73.9
2018-8,8,2018,74.1
2018-9,9,2018,70.2
2018-10,10,2018,54.9
